{"wedge_start": 12.0, "theta_starts_deg": [12.0, 34.0, 56.0, 79.0, 102.0, 124.0, 146.0], "wedge_width": 22.0, "theta_starts": [0.20943951023931953, 0.5934119456780721, 0.9773843811168246, 1.3788101090755203, 1.780235837034216, 2.1642082724729685, 2.548180707911721], "theta_width": 0.3839724354387525, "radii": [[3.0, 4.2], [4.4, 6.4], [6.6, 10.2]]}